EN001 | 0312345678 | C001 | 25-04-2026 | Registered | 10 | Passed | Tuition Fee | Payment Status
EN002 | 0312345678 | C002 | 25-04-2026 | Pending | 0 | Failed | Tuition Fee | Payment Status
EN003 | 0314526744 | C001 | 28-04-2026 | Registered | 7 | Passed | 9000000 | Unpaid
EN004 | 0312345678 | C009 | 01-05-2026 | Registered |  |  | 2000000 | Unpaid
EN005 | 0312345678 | C019 | 01-05-2026 | Registered |  |  | 3000000 | Unpaid
EN006 | 0387654321 | C006 | 01-05-2026 | Registered |  |  | 3000000 | Unpaid
EN007 | 0387654321 | C004 | 01-05-2026 | Registered |  |  | 1000000 | Unpaid
EN008 | 0387654321 | C020 | 01-05-2026 | Registered |  |  | 3000000 | Unpaid
EN009 | 0387654321 | C019 | 01-05-2026 | Registered |  |  | 3000000 | Unpaid
EN010 | 0345223456 | C003 | 01-05-2026 | Registered |  |  | 6000000 | Unpaid
EN011 | 0345223456 | C007 | 01-05-2026 | Registered |  |  | 3000000 | Unpaid
EN012 | 0345223456 | C010 | 01-05-2026 | Registered |  |  | 2500000 | Unpaid
EN013 | 0345223456 | C018 | 01-05-2026 | Registered |  |  | 2000000 | Unpaid
EN014 | 0345223456 | C019 | 01-05-2026 | Registered |  |  | 3000000 | Unpaid
EN015 | 0345678869 | C012 | 01-05-2026 | Registered |  |  | 3000000 | Unpaid
EN016 | 0345678869 | C014 | 01-05-2026 | Registered |  |  | 3000000 | Unpaid
EN017 | 0345678869 | C019 | 01-05-2026 | Registered |  |  | 3000000 | Unpaid
EN018 | 0345678869 | C018 | 01-05-2026 | Registered |  |  | 2000000 | Unpaid
EN019 | 0356789123 | C002 | 01-05-2026 | Registered |  |  | 3000000 | Unpaid
EN020 | 0356789123 | C005 | 01-05-2026 | Registered |  |  | 1000000 | Unpaid
EN021 | 0356789123 | C007 | 01-05-2026 | Registered |  |  | 3000000 | Unpaid
EN022 | 0356789123 | C019 | 01-05-2026 | Registered |  |  | 3000000 | Unpaid
EN023 | 0356789123 | C018 | 01-05-2026 | Registered |  |  | 2000000 | Unpaid
EN024 | 0367891234 | C003 | 01-05-2026 | Registered |  |  | 6000000 | Unpaid
EN025 | 0367891234 | C005 | 01-05-2026 | Registered |  |  | 1000000 | Unpaid
EN026 | 0367891234 | C018 | 01-05-2026 | Registered |  |  | 2000000 | Unpaid
EN027 | 0367891234 | C019 | 01-05-2026 | Registered |  |  | 3000000 | Unpaid
EN028 | 0367891234 | C002 | 01-05-2026 | Registered |  |  | 3000000 | Unpaid
EN029 | 0378912345 | C003 | 01-05-2026 | Registered |  |  | 6000000 | Paid
EN030 | 0378912345 | C001 | 01-05-2026 | Registered |  |  | 3000000 | Unpaid
EN031 | 0378912345 | C006 | 01-05-2026 | Registered |  |  | 3000000 | Unpaid
EN032 | 0378912345 | C018 | 01-05-2026 | Registered |  |  | 2000000 | Unpaid
EN033 | 0378912345 | C009 | 01-05-2026 | Registered |  |  | 2000000 | Unpaid
EN034 | 0389123456 | C001 | 01-05-2026 | Registered |  |  | 3000000 | Unpaid
EN035 | 0389123456 | C004 | 01-05-2026 | Registered |  |  | 1000000 | Unpaid
EN036 | 0389123456 | C005 | 01-05-2026 | Registered |  |  | 1000000 | Unpaid
EN037 | 0389123456 | C017 | 01-05-2026 | Registered |  |  | 200000 | Unpaid
EN038 | 0389123456 | C019 | 01-05-2026 | Registered |  |  | 3000000 | Unpaid
EN039 | 0391234567 | C002 | 01-05-2026 | Registered |  |  | 3000000 | Unpaid
EN040 | 0391234567 | C005 | 01-05-2026 | Registered |  |  | 1000000 | Unpaid
EN041 | 0391234567 | C009 | 01-05-2026 | Registered |  |  | 2000000 | Unpaid
EN042 | 0391234567 | C017 | 01-05-2026 | Registered |  |  | 200000 | Unpaid
EN043 | 0391234567 | C019 | 01-05-2026 | Registered |  |  | 3000000 | Unpaid
EN044 | 0301234567 | C007 | 01-05-2026 | Registered |  |  | 3000000 | Unpaid
EN045 | 0301234567 | C002 | 01-05-2026 | Registered |  |  | 3000000 | Unpaid
EN046 | 0301234567 | C008 | 01-05-2026 | Registered |  |  | 3000000 | Unpaid
EN047 | 0301234567 | C018 | 01-05-2026 | Registered |  |  | 2000000 | Unpaid
EN048 | 0301234567 | C020 | 01-05-2026 | Registered |  |  | 3000000 | Unpaid
EN049 | 0301234567 | C001 | 01-05-2026 | Registered | 4 | Failed | 3000000 | Unpaid
EN050 | 0312345678 | C003 | 01-05-2026 | Registered |  |  | 6000000 | Unpaid
EN051 | 0312345678 | C007 | 01-05-2026 | Registered |  |  | 3000000 | Unpaid
EN052 | 0312345678 | C018 | 01-05-2026 | Registered |  |  | 2000000 | Unpaid
EN053 | 0312345678 | C020 | 01-05-2026 | Registered |  |  | 3000000 | Unpaid
EN054 | 0301234567 | C004 | 01-05-2026 | Registered |  |  | 1000000 | Unpaid
EN055 | 0301234567 | C019 | 01-05-2026 | Registered |  |  | 3000000 | Unpaid
EN056 | 0345678910 | C018 | 01-05-2026 | Registered |  |  | 2000000 | Unpaid
EN057 | 0345678910 | C019 | 01-05-2026 | Registered |  |  | 3000000 | Unpaid
EN058 | 0345678910 | C020 | 01-05-2026 | Registered |  |  | 3000000 | Unpaid
EN059 | 0314526744 | C005 | 01-05-2026 | Registered |  |  | 1000000 | Unpaid
EN060 | 0314526744 | C008 | 01-05-2026 | Registered |  |  | 3000000 | Unpaid
EN061 | 0314526744 | C018 | 01-05-2026 | Registered |  |  | 2000000 | Unpaid
EN062 | 0314526744 | C020 | 01-05-2026 | Registered |  |  | 3000000 | Unpaid
EN063 | 0314526744 | C017 | 01-05-2026 | Registered |  |  | 200000 | Unpaid
EN064 | 0378912345 | C014 | 03-05-2026 | Registered |  |  | 3000000 | Paid
EN065 | 0312345677 | C001 | 04-05-2026 | Registered |  |  | 3000000 | Unpaid
EN066 | 0312345677 | C003 | 04-05-2026 | Registered |  |  | 6000000 | Unpaid
EN067 | 0312345677 | C005 | 04-05-2026 | Registered |  |  | 1000000 | Unpaid
